{"initial_reset_timestamp": 1570961812.8180475, "timestamps": [1570961900.0618446, 1570961959.1394646, 1570961998.4565573, 1570962068.965577, 1570962232.6782994, 1570962267.964155, 1570962310.3026402, 1570962352.9992218, 1570962413.928501, 1570962455.9290195, 1570962487.9655497, 1570962521.8377519, 1570962554.887891, 1570962586.9653053, 1570962620.1325169, 1570962652.132006, 1570962686.4807386, 1570962720.207157, 1570962754.179828, 1570962789.1357865, 1570962823.4522243, 1570962857.665573, 1570962891.6494496, 1570962923.2432463, 1570962955.982348, 1570962989.9658036, 1570963022.2414556, 1570963076.135435, 1570963111.4217708, 1570963141.0244777, 1570963173.7553174, 1570963204.9060233, 1570963234.4290366, 1570963265.8141599, 1570963300.7381322, 1570963333.506757, 1570963366.724348, 1570963399.3161738, 1570963467.8167994, 1570963622.0185616, 1570963829.5823035, 1570963983.832535, 1570964049.330963, 1570964113.3801117, 1570964177.403128, 1570964282.9066284, 1570964347.3574455, 1570964511.6039605, 1570964713.1070082, 1570964904.864015], "episode_lengths": [1000, 1000, 1000, 1000, 1000, 1000, 1000, 1000, 1000, 1000, 1000, 1000, 1000, 1000, 1000, 1000, 1000, 1000, 1000, 1000, 1000, 1000, 1000, 1000, 1000, 1000, 1000, 1000, 1000, 918, 1000, 976, 951, 1000, 1000, 1000, 1000, 1000, 1000, 951, 1000, 1000, 1000, 1000, 1000, 1000, 1000, 1000, 1000, 1000], "episode_rewards": [878.2608695652082, 702.1201413427426, 622.5806451612802, 792.8571428571277, 776.3250883392097, 366.2379421221746, 878.8732394366028, 669.4915254237154, 595.9064327485278, 815.4929577464628, 835.8490566037626, 877.0491803278563, 873.3333333333235, 868.7499999999816, 647.4402730375264, 845.0549450549339, 465.47619047618053, 589.542483660117, 338.1270903009916, 864.539007092187, 769.3009118540921, 481.76100628929373, 452.71565495206517, 895.9677419354682, 656.5789473684068, 823.5668789808732, 639.9267399267274, 511.1111111110979, 372.8434504792212, 908.1999999999833, 869.1780821917635, 902.3999999999924, 904.8999999999924, 878.2608695652079, 93.251533742336, 378.87323943660766, 599.3464052287437, 889.2473118279432, 805.6603773584732, 904.8999999999847, 479.93730407522406, 856.2043795620281, 139.4366197183149, 580.7017543859504, 842.8571428571261, 668.6832740213392, 896.551724137915, 899.9999999999864, 660.4562737642419, 884.8484848484695], "episode_types": ["t", "t", "t", "t", "t", "t", "t", "t", "t", "t", "t", "t", "t", "t", "t", "t", "t", "t", "t", "t", "t", "t", "t", "t", "t", "t", "t", "t", "t", "t", "t", "t", "t", "t", "t", "t", "t", "t", "t", "t", "t", "t", "t", "t", "t", "t", "t", "t", "t", "t"]}